customer_id,name,location,signup_date
1,Monique Clark,Kristinburgh,2024-03-11
2,Thomas Sanders,Hutchinsonberg,2024-02-27
3,David Johnson,Davidshire,2023-09-01
4,Lisa Stevens,South Lori,2024-08-25
5,Madison Walters,North Kelly,2025-06-23
6,Kimberly Gonzalez,New Sherrybury,2023-12-02
7,Lynn Tucker,Markmouth,2024-12-30
8,Victoria Campbell,Benjaminview,2025-07-09
9,Nathan Black,Lake Carlos,2024-01-18
10,Daniel Rose,Port Debbie,2025-02-08
11,Tiffany Nelson,West David,2025-01-24
12,Melanie Martin,Louisville,2024-01-22
13,Cynthia Sullivan,Lake Nancyview,2024-07-18
14,Lisa Obrien,Lake Davidchester,2024-03-17
15,Erica Rodriguez,Port Joe,2024-11-27
16,Sheila Gonzalez,West Reneeburgh,2025-07-25
17,Daniel Robinson,East Judy,2024-01-15
18,Brenda Pham,Thompsonchester,2024-08-08
19,Benjamin Powell,Garciatown,2024-09-06
20,Ryan James,Clarkville,2024-08-01
21,Laura Francis,New Dianachester,2024-01-25
22,Karen Ware,Taylorville,2024-11-20
23,Danielle Perez,Michelemouth,2025-08-12
24,Charles Moreno,Klinefurt,2024-10-23
25,Christina Williams,West Katie,2024-02-19
26,Tyler Davis,North Christopherstad,2024-05-21
27,Mary Hudson,East Jasminemouth,2023-09-11
28,Christopher Roberts,Jameschester,2025-07-11
29,Ebony Shaffer,Woodbury,2025-01-11
30,Mary Ruiz,Cruzton,2024-11-07
31,Heather Taylor,Cherylton,2023-10-23
32,Julia Gonzales,Lake Henrymouth,2025-06-18
33,Jacqueline Hill,Alanside,2023-09-11
34,Kenneth Waters,Russellview,2024-02-17
35,Mark Vargas,Lake Luischester,2024-04-11
36,Karen Oconnell,Georgeburgh,2023-11-18
37,Benjamin Wright,Cabreraton,2023-12-18
38,Barbara Walters,North Aaron,2025-06-27
39,Emily Roberts,Michaelport,2024-03-26
40,Michael Kirby,New Amanda,2023-11-14
41,Katie Jenkins,Lake Rebecca,2024-08-13
42,Bruce Gonzalez,North Vernonbury,2025-06-27
43,Michelle Murphy,South Donnaborough,2024-10-19
44,Carla Bailey,East Davidside,2025-02-13
45,Jessica Alexander,Larsonmouth,2025-04-24
46,John Howard,Angelaview,2023-11-01
47,Shane Arroyo,Bakerview,2025-01-10
48,Aaron Bell,Natashaborough,2023-12-28
49,Robert Long,Gomezland,2023-12-05
50,Joseph Fitzpatrick,North Ronnie,2024-06-17
51,Emma Harrington MD,Paulfort,2025-01-07
52,Raymond Lewis,North Elizabeth,2024-02-20
53,Morgan Le,Duncanstad,2025-06-10
54,Troy Nelson MD,Vargasmouth,2023-11-13
55,Kendra Gaines,East Elizabethside,2023-09-28
56,Victoria Peters,New Nicholasbury,2025-04-07
57,Dawn Arnold,Dylanmouth,2025-06-23
58,Zachary Garcia,East Courtneyfurt,2024-08-03
59,Kelly Love,South Anitaview,2024-05-10
60,Travis Jacobson,North Sarahmouth,2025-03-27
61,Ryan Lozano,Fernandezville,2023-11-19
62,Shelby Silva,Cameronburgh,2023-09-07
63,Brian Miller,New Andrewberg,2024-08-25
64,Bryan English,Lake Derekborough,2024-12-08
65,Maurice Smith,Mooreview,2024-12-20
66,William Warner,South Michael,2023-12-29
67,Amy Wood,Wilsonland,2024-09-19
68,Tammy Powers,Teresaport,2025-07-21
69,Katie Mitchell,Stevenstad,2023-12-01
70,Katrina Harmon,Port Hayleymouth,2023-11-05
71,Matthew Gentry,West Jacob,2025-06-24
72,Steven Miller,Fletcherstad,2024-06-24
73,Scott Monroe,West Tannerburgh,2024-08-24
74,Kristen Roy,Amyborough,2024-03-24
75,Laurie Moran,New Ryan,2024-03-24
76,Brittany Nelson,East Wyatt,2024-07-05
77,Jimmy Roberts,Phillipsland,2024-01-25
78,Jeffrey Carpenter,Mariahport,2025-08-25
79,Lee Thomas,Port Jennifer,2024-06-15
80,Mary Holden,West Chrisstad,2024-10-07
81,Katelyn Barnett,South Adrianberg,2023-12-01
82,Diane Bell DVM,Darrenborough,2024-10-03
83,Brenda Perez,Lindaton,2023-12-12
84,Joshua Osborne,South Johnburgh,2023-10-08
85,Joshua Taylor,East Reneeburgh,2025-03-05
86,Elizabeth Woods,South Michelle,2024-01-13
87,Jeremy Ball,Melanieville,2025-07-17
88,Michelle Brady,Kelseychester,2023-12-11
89,Jamie Peterson,Port Kimberly,2024-02-22
90,Vicki Carr,West Austinfort,2024-03-01
91,Veronica White,Port Patrick,2024-12-26
92,Jason Parker,Robertsview,2025-01-19
93,Makayla Collins,East Kelly,2023-10-26
94,Ms. Angela Ramos,Scottview,2024-10-23
95,Katherine Barnes,West Brendahaven,2024-11-04
96,Anna Patel,Laurafurt,2025-06-13
97,Nicole Cooper,East Jenniferhaven,2024-01-08
98,Marcus Sawyer,West Jasonport,2025-07-20
99,Emily Travis,North Shelby,2024-11-15
100,Dana Thompson,Lake Breanna,2023-11-24
101,George Ward,Maryborough,2025-05-27
102,Catherine Leach,New Adamberg,2024-03-20
103,Michele Livingston,Port Joseph,2025-01-01
104,Martin Warren,Larsonstad,2024-05-07
105,Jacqueline Munoz,North Karl,2024-07-11
106,Dana Kim,Horneburgh,2025-05-28
107,Kimberly Santos,Port Amberchester,2025-03-28
108,Hailey Gray,Ericville,2023-12-08
109,Mark Hicks,Port Anthony,2023-11-12
110,Philip Scott,Port Bailey,2024-02-05
111,Gabriela Hampton DDS,Westberg,2024-10-03
112,Elizabeth Roy,West Nicholasbury,2024-08-22
113,Cody Green,East Kristin,2025-08-24
114,Dustin Dickerson,Wiseport,2025-07-29
115,Charles Black DDS,West Lindachester,2025-03-15
116,Jonathan Gill,New Roger,2025-07-26
117,Andrew Pierce,Port John,2025-08-28
118,Rick Turner,East Martin,2024-11-05
119,Jennifer Campbell,East Crystalshire,2024-03-07
120,Ryan Eaton,Robertville,2023-12-18
121,Dr. James Johnson,Bautistaton,2025-02-13
122,Nicole Bruce,Timothyborough,2024-12-05
123,Pamela Rose,Douglasshire,2024-10-31
124,Patricia Moore,Cynthiafort,2024-09-11
125,Karen Randall,Andrewtown,2025-01-17
126,Nathan Tucker,New Michelleview,2024-01-20
127,Tracy Mullen,Lauraton,2024-10-20
128,Miguel Gonzalez,Port Tammyburgh,2024-08-10
129,Nathaniel Brown,Christopherland,2024-07-15
130,Brian Hood,South Susanton,2024-04-05
131,Vincent Arnold,Garrettbury,2025-01-14
132,Sheena Johnson,Lake Danielle,2023-11-30
133,Patrick Jimenez,New Aprilberg,2025-01-09
134,Katherine Larson,Port Devinshire,2024-08-23
135,Misty Cox,Vasquezview,2024-06-17
136,Danielle Thompson,Castillotown,2024-09-18
137,Michael King,Nicoleland,2025-06-06
138,Stephanie Watkins,New Theresaberg,2024-12-18
139,Mark Gray,Port Ronald,2024-06-15
140,Lauren Hernandez,West Brandon,2023-10-25
141,Katherine Fleming,Joneston,2025-06-13
142,Joseph Hughes,Maryfurt,2024-01-05
143,Amy Turner,Laurenchester,2025-07-15
144,Dr. Carlos Lambert DVM,Port Rachelland,2023-12-14
145,Erin Carlson,Port Christine,2024-04-04
146,Michael Abbott,South Ryanstad,2024-04-18
147,Nicholas Weaver,Lake Tiffany,2024-04-28
148,William Shaw,North Anthony,2024-07-28
149,Mary Curtis,South Larry,2024-10-19
150,Robert Simon,New Barbarachester,2023-10-09
151,William Young,Courtneyshire,2025-07-17
152,Amber Berry,Smithton,2025-03-19
153,Christopher Martin,South Kathyton,2024-03-11
154,Oscar Banks,Melissastad,2025-03-30
155,Justin Osborne,Willisbury,2025-03-20
156,Richard King,Clarkhaven,2024-06-04
157,Jasmine Gonzalez,Adrianhaven,2024-04-21
158,Kimberly Weber,Stephenburgh,2024-09-29
159,Brandon Murray,Kingshire,2025-07-14
160,Meghan Baker,West Saraland,2024-09-19
161,Mary Stuart,Lake Gregburgh,2025-05-06
162,Joshua Martin,North Tinaton,2025-01-09
163,Michael Frye,Codyview,2023-12-09
164,Eduardo Rodriguez,Careyview,2024-03-08
165,Ricardo Nichols,South Ann,2025-07-22
166,Brian Gill,North Joseph,2024-09-16
167,William Brown,Jefferyberg,2024-12-31
168,David Palmer,New Henry,2023-08-29
169,Tammy Williams,Boydberg,2023-09-01
170,Sean Thomas,Port Kevin,2024-06-06
171,Kristina Farmer,Martinezmouth,2024-02-15
172,Douglas Glover,East Beverly,2025-04-19
173,Joshua Griffin,Port Whitney,2023-11-30
174,Andres Mcbride,Smithfort,2024-10-19
175,Laura Davis,Howardport,2024-10-25
176,Craig Martin,Cookshire,2024-09-14
177,John Tyler,Jenniferberg,2024-05-01
178,Joshua Miller,North Stevenfort,2024-11-18
179,Jesus Thompson,North Kim,2024-10-15
180,Jesse Johnson,Lake Denisechester,2024-11-26
181,Jennifer Rowe,Roberthaven,2024-03-29
182,Kevin Carter,Lake Julie,2025-02-11
183,Kelly Vincent,Gomezville,2025-02-13
184,Carl Vincent,Lake April,2024-11-02
185,Jennifer James,Benjaminburgh,2025-05-21
186,Kathleen Salazar,Lake Julieview,2025-05-05
187,Robert Stevenson,New Megan,2024-03-23
188,John Miranda,Kimberlytown,2024-01-02
189,Jessica Davis,Lake Dalestad,2023-11-08
190,Evan Rivers,West Rhonda,2025-01-26
191,Anthony Gill,Lake Teresa,2024-01-11
192,Stacy Fisher,South Zachary,2025-02-03
193,Debbie Bradley,East Carolmouth,2024-12-31
194,Jessica Wheeler,Jacquelineshire,2025-01-23
195,Mark Jackson,Port Kevin,2024-10-07
196,Jennifer Turner,North Williambury,2024-08-17
197,Shaun Lee,Gabrielaville,2024-03-14
198,Kristina Johnson,Williamsville,2024-12-15
199,Christopher Johnson,Aaronfort,2024-06-26
200,Jacqueline Myers,Laurachester,2024-01-07
201,Diane Parker,Singhbury,2024-09-16
202,April Sexton,Jefferymouth,2024-06-13
203,Jimmy Salazar,South Davidstad,2024-01-03
204,Michelle Young,Watsonhaven,2024-05-13
205,Sherry Evans,North Kristine,2024-06-12
206,Christina Smith,Bradleyside,2024-08-04
207,Brittany Moses,Jackville,2024-05-15
208,Courtney Jones,Lake Albertfort,2024-08-17
209,Erica Jones,East Gary,2024-12-15
210,Kevin James,Tammyport,2024-04-26
211,Clifford Lucas,Loganborough,2024-09-11
212,Christopher Hartman,West Cindy,2024-10-13
213,Brian Long,Barkerburgh,2024-03-18
214,Sarah Dunn,West Gregorybury,2023-09-28
215,Anna Wallace,Schneiderside,2025-07-26
216,Catherine Gentry,Lake Veronica,2023-09-22
217,Brandon Williams,Port Brian,2024-06-13
218,Ms. Alexis Newman DDS,Danielfurt,2024-09-30
219,Joshua Fuller,East Lauramouth,2025-01-10
220,Wendy Gay,East Drew,2024-02-18
221,Mr. Kevin Kelley,Davidchester,2023-09-18
222,Jessica Campbell,Baldwinborough,2025-02-04
223,Tamara Garcia,Perezview,2023-11-13
224,Bryce Russell,South Kathleen,2024-10-30
225,Amber King,Lloydfort,2025-07-17
226,Mary Gamble,North Juliebury,2025-06-11
227,Samuel Woods,Lake Jerome,2024-03-04
228,Kimberly Ramirez,East Matthew,2024-05-28
229,Anthony Doyle,Garciahaven,2023-12-29
230,Allison Stuart,South Michelle,2024-04-18
231,Barbara Escobar,Boonebury,2024-04-10
232,John Morales,Wilcoxborough,2024-04-11
233,Michelle Black,East Jeffreychester,2025-08-22
234,Scott Baker,Rojasport,2024-09-06
235,Lisa Murray,Lewisland,2024-11-02
236,Haley Stevens,Hannahview,2024-04-02
237,Kimberly Duke,Matthewtown,2024-09-05
238,Victor Chandler,Davidchester,2024-08-07
239,Brittany Anderson,Mcdonaldview,2024-01-10
240,Bruce Pitts,North Samantha,2023-12-25
241,Amanda Smith,East Vanessabury,2024-12-23
242,Robert Tapia,East Morganberg,2023-09-27
243,Frank Hamilton,East Tina,2023-10-04
244,Tiffany Brown,Port Shannon,2024-07-07
245,Beth Rodgers,Thomasfort,2024-08-26
246,Derrick Rodriguez,East Ashley,2023-09-01
247,James Franklin,West Gail,2025-08-25
248,Amanda Wright,Adamsmouth,2023-09-30
249,Cameron Garcia,Gonzalezton,2025-03-16
250,Anna Fleming,Brianmouth,2025-01-02
251,Kaylee Anderson,Lake David,2025-02-27
252,Terry Marquez,Rodgersstad,2025-03-12
253,Adam Gomez,Barnesstad,2025-03-01
254,Jennifer Smith,Castrochester,2024-06-14
255,Bradley Garcia,Kennethside,2024-04-24
256,Ryan Hernandez,South Stanleyville,2023-10-31
257,Joel Larson Jr.,East Mary,2025-07-22
258,Rebecca Romero,Samuelton,2024-12-11
259,Billy Bowman,Port Elizabeth,2025-07-03
260,Jared Gibson,Meltonville,2024-09-20
261,Patricia Hall,Taylorview,2023-12-10
262,Adam Hernandez,West Rachel,2024-06-25
263,Edward Jones,Davidside,2025-02-09
264,Tony Curtis,West Brendaton,2025-06-18
265,Douglas Campos,New Tracy,2024-03-23
266,Michelle Johnson,East Keithbury,2025-06-14
267,Kellie Holloway,Christophertown,2024-09-16
268,Jason Little,Greggchester,2023-10-26
269,Jonathan Marshall,Anthonytown,2024-04-12
270,John Hahn,Johnsonchester,2025-06-30
271,Steven Farrell,Lake Markside,2025-01-06
272,Joseph Torres,Caseytown,2023-10-18
273,Jonathan Moore,West Tyler,2025-01-11
274,Derek Adams,Johnland,2024-02-19
275,Monica Horton,North Lisa,2025-07-03
276,Loretta Ward,West Lori,2025-05-03
277,Scott Moore,Williamsburgh,2024-11-19
278,Ivan Hill,New Tylerberg,2025-04-14
279,Pamela Morris,South James,2024-02-26
280,Ryan Jones,Christopherberg,2024-09-27
281,Grace Brown,Wandahaven,2025-01-09
282,Michael Reed,West Robert,2024-08-05
283,Bruce Jones,East Gail,2023-11-06
284,William White,Port Jacobside,2024-09-30
285,Deanna Martinez,South Phillip,2024-11-06
286,Sean Taylor,Port Kristiport,2025-04-06
287,John Adkins,Lake Rodney,2025-02-01
288,Evan Lee,Christopherhaven,2024-01-19
289,Mitchell Smith,Jacksonton,2025-07-26
290,Victoria Ross,West Theresahaven,2024-03-05
291,Debbie Bennett,North Taylor,2024-11-09
292,Brian Robinson,Rochaside,2025-07-13
293,Betty Tate,Frazierberg,2024-05-20
294,Aaron Lopez,North Brianmouth,2024-06-28
295,Arthur Hansen,Jeffreystad,2025-03-17
296,Gary Huang,Williamston,2024-10-28
297,Michael Thompson,Larryburgh,2024-01-02
298,Tamara Miller,Caitlinburgh,2023-12-03
299,Larry Taylor,New Troyland,2024-11-12
300,Alexis Castro,Obrienberg,2025-04-25
301,Brenda Garcia,Toddburgh,2025-03-23
302,Steven Allen,Lake Rachael,2023-09-22
303,Patricia Robles,Reyeston,2024-08-18
304,Kyle Taylor,Danielleville,2025-08-15
305,Mr. Larry Smith,Evanborough,2025-05-11
306,Brian Chapman,Lindashire,2024-06-24
307,Samantha Macias,West Dylan,2025-06-01
308,Shannon Phillips,North Robert,2023-11-02
309,Mark Burton,Michaelshire,2024-08-04
310,Austin Conway,Sarahview,2024-05-17
311,Martin Quinn,North Barry,2025-05-27
312,Brent Chapman,Port Michaelville,2024-12-14
313,Douglas Barron,Lawrencetown,2025-05-02
314,Jeremy Jones,Hallburgh,2025-01-17
315,Sierra Harrington,West Meganmouth,2025-06-30
316,Jonathan Allen,Hartside,2024-09-18
317,Jimmy Raymond,Annetteton,2025-08-26
318,Joshua Patterson,West Tina,2024-12-25
319,Renee Howe,North Christopher,2024-06-12
320,Scott Francis,Lake Nataliehaven,2024-01-02
321,William Rodriguez,Snyderhaven,2024-11-08
322,Marissa Howell,New Jonathanport,2024-04-15
323,Matthew Meyer,Ochoashire,2025-08-20
324,Devon Cruz,Port Robert,2025-08-26
325,Jacob Davis,Pearsonmouth,2025-08-01
326,Steven Perez,Freemanville,2024-10-01
327,Mark Reilly II,Port Amyshire,2023-09-22
328,Peggy Davis,Powellview,2024-08-04
329,Emily Ford,Jenniferville,2025-05-03
330,Taylor Jones,South Amy,2025-02-14
331,Steven Sharp,New Mark,2023-12-28
332,Lauren Lee,North Jacob,2025-02-03
333,Richard Strong,Carlport,2023-09-01
334,Alexa Arroyo,Stoutville,2024-04-05
335,Shannon Martinez,Christianbury,2024-09-17
336,Jennifer Brown PhD,Jenkinsstad,2025-02-22
337,Brian Garcia,Collierburgh,2024-09-16
338,Samuel Johnson,Port Lisa,2025-08-14
339,Daniel Hamilton,East David,2023-12-16
340,Ellen Ortega,Lovemouth,2024-01-16
341,Justin Archer,Morsetown,2024-06-08
342,Amy Williams,Port Jonathanhaven,2025-08-22
343,Joseph Jones,East Alexis,2024-10-07
344,Kathleen Vazquez,Wallerbury,2025-05-20
345,Jesus Peterson,Port Scottmouth,2024-03-10
346,David Barton,Patriciabury,2023-11-30
347,Kimberly Schneider,Kevinfurt,2025-01-04
348,Eric Bishop,West Michael,2023-12-14
349,Lisa Brooks,West Shannonport,2024-06-11
350,Daniel Russo,East Bridgetton,2024-06-29
351,Julia Joseph PhD,Port Dale,2024-07-10
352,Ryan Chavez,Millerland,2023-11-06
353,Kenneth Fuller,Millerside,2025-05-13
354,James Gill,Lake Gabriela,2023-11-16
355,Casey Hartman,Jameston,2024-11-25
356,Donna Carter,Lake Alexandraville,2025-01-15
357,Tyler Krause,Palmerchester,2024-06-14
358,Kevin Weiss,East Julieton,2025-03-06
359,Justin Nash,New Francistown,2025-08-23
360,Karina Orozco,Englishland,2024-06-27
361,Jamie Washington,Lake Denise,2024-10-11
362,Randy Taylor,New Kayla,2023-09-10
363,Brent Gonzales,South Lori,2024-06-28
364,Melinda Khan,North Johnview,2024-06-24
365,Zachary Rice,Katiestad,2025-08-10
366,Megan White,Howemouth,2025-03-21
367,Matthew Johnson,East Ricardo,2025-02-28
368,Morgan Chang,West Kenneth,2024-06-27
369,Aaron Hill,New Arthurburgh,2023-11-17
370,Erin Henry,Scottberg,2024-09-21
371,Stephen Martinez,Darylbury,2024-07-17
372,Colleen Calderon,Jordanton,2024-01-18
373,Jeffrey Schultz,Lake Adrian,2025-02-02
374,Anthony Stanton,Diazstad,2025-03-25
375,Ronald Campbell,West Mathew,2024-03-07
376,Rodney Byrd,Reynoldsfort,2024-02-20
377,Robert Meyers,Lake Scottside,2024-09-28
378,Brenda Washington,Port Susan,2023-11-14
379,Carmen Gonzales,West Thomas,2025-08-02
380,Brian Davis,Floydside,2024-01-21
381,Michael Cline,South Trevor,2025-07-01
382,Dominique Jones,Lake Coreymouth,2024-09-04
383,Brian Munoz,Sanchezburgh,2025-08-15
384,Mr. Shawn Herrera,Gregoryton,2025-01-27
385,Brian Gonzales,Sethborough,2024-07-28
386,Anna Palmer,Emilychester,2025-05-16
387,Karen Whitehead,West Amber,2025-02-12
388,James Sanchez,East Jennifer,2024-04-20
389,Virginia Hunt,North Justin,2025-04-01
390,Joseph Henderson,Lake Michael,2025-06-22
391,Tina Gregory,North Nicole,2023-10-25
392,Michael Cline,Lunaberg,2025-06-23
393,Larry Hicks,South Tiffanyhaven,2024-06-28
394,Rodney Stephens,Lake Laura,2023-12-30
395,Jennifer Kirby,New Christopherchester,2024-01-29
396,Joshua Harrison,West Michael,2024-08-25
397,Mr. Arthur Miller,Lake Cindyland,2025-06-10
398,Lance Greene,Port Nicoleton,2025-03-04
399,Laura Kline,Ashleychester,2025-02-09
400,Sean Powell,North Lee,2024-09-04
401,Joshua Hall,West Kendraland,2023-09-24
402,Angel Dunlap,New Kristen,2025-02-27
403,Jennifer Solis,Barbarashire,2024-01-21
404,Justin Meyer,Robertsfurt,2025-06-13
405,Mallory Thompson,West Charlesborough,2025-05-18
406,Roberto Marsh,South Kristina,2025-07-26
407,Stephen Wilson,Port Jeremy,2023-11-06
408,Zachary Anderson,New Leah,2023-11-13
409,Brad Mcpherson,Marciashire,2024-09-04
410,Rebecca Pearson,Salinasburgh,2024-01-06
411,Sarah Garner,Stephanieside,2024-06-30
412,Anna Edwards,Ballardshire,2024-02-17
413,Mrs. Emily Underwood,Lake Brettberg,2024-07-30
414,Jasmine Rodriguez,Smithtown,2025-03-01
415,Kristine Miller,Port Anthonystad,2025-01-06
416,Mary Kelly,Gregoryton,2024-09-15
417,Larry Carter,Troyfurt,2025-08-02
418,Shelby Crane,Markland,2025-05-16
419,Michelle Gray,Danahaven,2024-11-13
420,Russell Taylor,West Davidview,2024-12-02
421,Jonathan Galvan,Lynchmouth,2024-10-14
422,Brandon Flynn,North Anthonyton,2024-01-25
423,Danielle Cline,Port Dianaville,2024-06-14
424,Ashley Diaz,Shanefurt,2024-09-30
425,Tammy Martinez,Maryport,2024-05-23
426,Gregory Wright,Lake Christopherhaven,2024-05-01
427,Alicia Quinn,West Bettyland,2024-08-23
428,Kimberly Miles,Andreashire,2025-07-24
429,Earl Williams,New Mollyhaven,2024-05-23
430,Kenneth Rodriguez MD,Kaylaland,2024-04-14
431,Tamara Vazquez,South Tony,2024-03-19
432,Michael Golden,Megantown,2024-02-02
433,Robert Hendricks,Sullivanshire,2024-03-14
434,Matthew Smith,Jonesview,2024-03-22
435,Stacy Wilson,Michaelfort,2024-09-19
436,Erin Macdonald,East Robertton,2025-05-12
437,Donald Morrow,Port Craigview,2023-12-24
438,Amy Vasquez,Gomezburgh,2023-12-09
439,Brittany Walton,Amandaville,2023-11-28
440,Donald Smith,New Donaldview,2024-09-14
441,Michelle Friedman,New Jeffrey,2024-11-29
442,Shane Martinez,Port Terrancestad,2024-04-14
443,Marcus Carr,Mooreborough,2024-04-05
444,Joseph Gonzalez,Port Shelly,2025-01-02
445,Janet Christian,New Melissa,2023-09-05
446,Lori Donaldson,Sarahton,2024-08-05
447,Brian Washington,Port Richardland,2024-06-05
448,Jacqueline Turner,Jamesstad,2023-10-01
449,John Martin,South Jennifer,2024-11-19
450,Anita Thompson,North Angela,2025-02-25
451,Alison Lester,South David,2025-05-17
452,James Harmon,West Deanberg,2024-02-12
453,Katrina Clark,East Anthony,2025-07-26
454,Peter Carson,Edwardton,2025-08-01
455,Caitlin Phillips,New Stevenhaven,2024-03-05
456,Donna Conner,East Sarah,2024-01-20
457,Erin Vargas,South Dianaview,2024-02-03
458,Steven Hernandez,Kimshire,2024-11-17
459,Christopher Walton,South Kyleborough,2024-03-12
460,Dennis York,Simpsonview,2025-06-25
461,Michael Jones,New Robertbury,2024-06-22
462,Jonathan Fischer,West William,2023-12-29
463,Matthew Saunders,Williamsview,2023-11-22
464,Cindy Armstrong,Houstonbury,2024-05-19
465,Timothy Pierce,Christopherchester,2025-05-15
466,Brittney Fletcher,Atkinsburgh,2025-06-27
467,Crystal Golden,New Darren,2024-07-18
468,Austin Russell,Chandlerhaven,2023-09-05
469,Jennifer Schmidt,North Laura,2024-12-31
470,Matthew Matthews,Walkerstad,2024-02-04
471,Jill Castillo,Hortonberg,2025-01-26
472,Debbie Garza,Scottberg,2024-02-20
473,Stephanie Garcia,West Julieside,2024-07-23
474,Kimberly Nguyen,South Johnshire,2025-04-02
475,David Adams,North Denise,2024-02-12
476,Christy Mcclure,North Lynnchester,2023-11-29
477,Mark Holmes,Bondberg,2023-11-25
478,Emma Smith,Lake Christian,2023-11-18
479,John Cook PhD,West Connie,2024-11-09
480,Anna Gill,Natalieborough,2024-12-21
481,Robert Palmer,Pinedaview,2025-05-23
482,Damon Walker,Aimeeberg,2024-11-06
483,Deborah Young,West John,2024-11-02
484,Gregory Gibson,Melindamouth,2025-01-04
485,Jonathan Gentry,Ashleyhaven,2024-05-20
486,Isaac Smith,North Christopher,2025-04-16
487,Jacqueline Richards,Vangport,2025-07-20
488,Jeremy Taylor,South Justinton,2025-03-05
489,Jessica Dixon MD,New Steven,2025-07-03
490,John Castillo,Lake Dianahaven,2024-06-01
491,Deborah Olsen,Jackieside,2023-12-10
492,Melissa Reese,Hernandezport,2023-12-11
493,Paul Matthews,Kristafort,2023-10-19
494,Michael Graham,South Melindaborough,2024-01-16
495,Danielle Taylor,Port Amber,2024-09-13
496,Michelle Gutierrez,Sullivanberg,2023-10-29
497,Cheryl Boyer,South Sandra,2024-08-27
498,Tiffany Webb,New Lisastad,2024-05-10
499,Carlos Rich,Huangchester,2024-01-27
500,Stephanie Thomas,Port Jennifer,2024-04-18
501,Dennis Mendoza DVM,Port Heatherchester,2024-10-10
502,Francisco Everett,Timothychester,2024-02-03
503,Crystal Ryan,West Nicoleberg,2025-07-21
504,Casey Evans,South David,2023-10-15
505,Thomas Gregory,Jamesland,2024-02-12
506,Sarah Anderson,East David,2024-03-17
507,John Stokes,Juliemouth,2025-01-21
508,Linda Beck,Lindamouth,2025-05-29
509,Cynthia Robertson,South Samanthaport,2024-05-26
510,Cassidy Middleton,Christopherstad,2023-12-26
511,Sharon Campbell,Lake Ronald,2024-09-22
512,Lisa Reid,East Erin,2025-02-14
513,Sarah Bonilla,Rileymouth,2023-09-23
514,Dr. Shane Lawson,South Austin,2025-06-13
515,Wayne Lopez,Ashleyland,2024-03-12
516,Lori Phillips,Chasestad,2024-11-28
517,Jessica Rogers,Daybury,2024-07-03
518,Christina Buckley,Nancyport,2024-12-09
519,Ryan Flores,East Christopher,2023-09-30
520,Amy Frazier,South Cory,2025-03-12
521,Jennifer Allen,South Heatherburgh,2024-03-26
522,Michael Pierce,Christinahaven,2024-09-25
523,Craig Trujillo,Lisahaven,2024-11-30
524,Nicole Fuller,Davidbury,2024-05-03
525,Donald Little,Lindsayport,2025-05-20
526,Kelly Davidson,East Terri,2023-10-28
527,Nicholas Oliver,Lake Andreatown,2024-05-05
528,Amy Nelson,Port Jasonchester,2024-05-12
529,David Gray,Mosleyton,2025-08-02
530,Erin Kramer,Port Andrew,2025-07-21
531,Sarah Young,Port Holly,2024-02-04
532,Shawn Nelson,Denisehaven,2025-06-18
533,Jeffrey Pope,West Brookeview,2025-04-05
534,Edward Gutierrez,Kimberlyburgh,2023-11-19
535,Lawrence Robinson,West Amandachester,2025-01-26
536,Linda Riley,New Michellehaven,2024-12-01
537,Jenny Serrano,East Richardville,2025-05-28
538,Joseph Jackson,Brownmouth,2024-03-21
539,Deborah Berry,South Kevin,2025-06-22
540,Grant Anderson,Orozcomouth,2025-02-02
541,Brittany York,Port Carriefort,2025-04-10
542,Lisa Holloway,Hopkinsburgh,2024-08-26
543,Joseph Jones,Brettfurt,2024-07-08
544,Elizabeth Bowen,Hillton,2025-07-06
545,Brittany Fox,Lake Christopherberg,2025-04-09
546,John Myers,West Jimmy,2025-03-13
547,Deborah Goodwin,Dennisbury,2024-01-14
548,Sean Jimenez,Kimberlyborough,2024-07-29
549,Dr. Brian Barnes,Joannport,2025-08-07
550,John Lewis,Suzannebury,2024-09-14
551,Terry Stephens,East Samanthaberg,2023-12-28
552,Cody Sims,East Crystal,2024-01-26
553,Theresa Hoover,Lake Michaelburgh,2025-08-17
554,Alexandria Lee,Dickersonstad,2024-05-22
555,Mario Robinson,Donaldton,2023-10-13
556,Jessica Green,Berryview,2025-07-28
557,David Matthews,Williamsfurt,2025-02-19
558,Krista Dominguez,Josephland,2024-07-29
559,Maurice Ross,East Aaron,2025-01-19
560,Zachary Clarke,Deckerfort,2024-09-14
561,Brandon Payne,Port Kathryn,2024-12-23
562,Tonya Martinez,East Adam,2024-10-20
563,Patricia Padilla,South Mariachester,2025-04-13
564,Matthew Myers,Wellston,2024-10-29
565,Tina Ferguson,Sullivanland,2025-07-03
566,Alyssa Meyer,Pamelaton,2023-12-02
567,Jennifer Bailey,Kingchester,2024-10-21
568,Christine Dalton,Port Christopherchester,2023-09-17
569,Tyler Reilly,West Edward,2024-02-20
570,Kathy Martinez,North Grace,2024-05-24
571,Richard Gonzalez,Lake Lisa,2025-08-19
572,Rachel Mckinney,East John,2024-01-14
573,Stephen Johnson,Lake Jodishire,2025-04-30
574,Daniel Giles,Colleenland,2025-05-25
575,Maria Cook,Vincenthaven,2024-09-03
576,Kathleen Holloway,New Anthonyport,2025-01-30
577,Leslie Garrett,Victoriaport,2024-03-04
578,Erin Diaz,Mitchellport,2024-03-04
579,Kevin Fernandez,Michaelburgh,2025-06-08
580,Renee Hardy,Port Donnabury,2024-02-15
581,Regina Reid,East Lesliemouth,2024-03-02
582,Terri Kirk,East Jennifer,2024-11-19
583,Maria Mcneil,New Cherylton,2024-01-05
584,David Richardson,Port Kevin,2025-01-17
585,Charlotte Bennett,Grayside,2024-04-13
586,Monica Barnes,New John,2024-08-25
587,Natalie Sanchez,South Brookeview,2025-02-16
588,Richard Li,Kristaside,2023-11-17
589,David Proctor,Port Joel,2024-04-06
590,Monica Thomas,East Jamie,2023-11-24
591,Alisha Hanson,Alifurt,2024-07-07
592,Jennifer Montgomery,Port Shannon,2024-10-09
593,Brittany Hicks,Catherinemouth,2025-04-03
594,Zachary Wallace,East Charles,2024-05-06
595,Maurice Evans,West Luishaven,2024-09-11
596,Latasha Nichols DVM,Alexandermouth,2024-07-19
597,Jacqueline Marks,Cabrerachester,2024-06-18
598,Mrs. Cheryl Hart,Teresafort,2024-02-05
599,Mr. James Curry,Gonzaleshaven,2025-02-05
600,Mr. Kenneth Warren,Kingstad,2024-08-04
601,Randy Armstrong,New Karenbury,2024-03-28
602,Stephanie Hall,New Kathleenstad,2025-03-19
603,Margaret Singh,West Thomas,2025-03-19
604,Michael Garcia,Port Amanda,2023-11-07
605,Cindy Campbell,Amberburgh,2024-05-06
606,Cindy Diaz,Hartmouth,2024-04-08
607,Steve Rodriguez,Pearsonshire,2024-10-30
608,Alyssa Williams,Walkermouth,2024-03-27
609,Brittney Rodriguez,Jonesside,2025-01-14
610,Arthur Gray,Garciaberg,2023-11-15
611,Dana Harris,Port Tonyaside,2025-03-23
612,Anthony Gutierrez,New Ian,2025-05-22
613,Terri Lee,Heatherburgh,2024-12-12
614,Terry Odom,New Trevor,2024-09-12
615,Dylan Rodriguez,Sparksview,2025-05-04
616,Peter Reed,Lake James,2025-02-03
617,Mary Taylor,Port Sarahberg,2024-02-17
618,Lori Graham,West Anna,2023-12-23
619,Thomas Thomas,Port Nicoleside,2024-08-24
620,Wanda Miller,Boydton,2024-08-28
621,Margaret Parsons,Cookfort,2024-11-10
622,Kathryn Clark,South Cynthia,2024-07-17
623,Stephen Knight,New Rebecca,2025-02-28
624,Kimberly Smith,South Rickeyview,2025-06-12
625,Christopher Brown,Samuelstad,2025-03-16
626,Jason Roman,Cherylberg,2025-03-15
627,Jordan Sexton,North Brandyfort,2025-02-14
628,Kent Strickland,North Matthew,2024-07-31
629,Andrew Levy,Burnettport,2024-01-18
630,Jeffrey Mcmahon,Mathewsland,2025-07-21
631,Mrs. Susan Gross,Tanyastad,2025-08-04
632,Rebecca Chang DDS,Smithmouth,2024-02-20
633,Susan Steele,Bridgetland,2023-09-24
634,Brandy Johnson,New Kathleen,2024-05-21
635,Roger White,Port Stephaniebury,2024-09-06
636,Michele Campbell,Rodriguezshire,2023-12-21
637,Darryl Johnson,Knoxton,2025-06-11
638,Kayla Davis,South Andreaton,2024-03-26
639,William Diaz,Williamsville,2024-06-28
640,Lisa Holmes,Victoriabury,2023-10-25
641,Spencer Anthony,North Stanleyland,2024-11-07
642,Natalie Doyle,Martinmouth,2025-01-13
643,Linda Sanchez,Hendersonmouth,2024-01-04
644,Katherine Hudson,Rayton,2024-11-22
645,Justin Hubbard,Harrisfurt,2023-10-22
646,Chelsea Stokes,West Jeremy,2024-01-15
647,Angela Manning,Smithbury,2023-10-03
648,Mrs. Gina Fowler,Schmidthaven,2025-02-19
649,Christopher Vang,Thomasburgh,2025-08-12
650,William Diaz,Mosleyberg,2024-04-06
651,Sandra Mcmahon,North Elizabeth,2025-03-26
652,Caitlin Smith,East Catherinemouth,2024-11-03
653,Travis Rodriguez,Johnsonborough,2023-12-02
654,James Smith,Margaretview,2025-05-04
655,Jacob Hall,Adamton,2023-11-22
656,Lisa Sparks,Colemanbury,2024-09-11
657,Tyrone Harris,Lake Kristenview,2025-03-25
658,Brandon Fox,North Susanberg,2024-03-24
659,William Benton,Stephaniemouth,2024-07-11
660,Colleen Baker,East Matthew,2025-06-22
661,Kevin Lambert,Lake Summer,2024-05-26
662,Jennifer Erickson,North Ryan,2023-10-25
663,Jacob Richardson,Phillipsside,2024-12-03
664,Alexander Barrett,Fergusonmouth,2025-07-09
665,Mark Reynolds,South Jason,2023-10-01
666,Clinton Griffin,Heidifurt,2025-06-29
667,Eric Pruitt,Nicholasfurt,2025-04-27
668,Sharon Daniels,Patrickton,2024-07-12
669,Connie Mccoy,Colemantown,2023-10-06
670,Mario Mcclure,Mullenchester,2023-11-03
671,Courtney Cohen,Carrshire,2024-07-13
672,Jeffrey Clark,Franktown,2023-10-02
673,Christopher Lawson,Taylorside,2023-11-05
674,Elizabeth Nicholson,Markburgh,2024-12-02
675,James Davis MD,East Thomasborough,2025-08-13
676,Michael Armstrong,East Thomasville,2025-04-01
677,Michael Petty,South Timothyton,2023-10-23
678,Cheryl Foster,West Williamport,2025-05-11
679,Cynthia Castro,East Lynnshire,2024-05-26
680,Kristen Hanson,Alexanderland,2024-05-15
681,George Martinez,Lake Heatherland,2024-03-05
682,Dr. Kristina Bates MD,Williamschester,2024-02-13
683,Angela George,East Sarahland,2025-08-21
684,Valerie Bush,West Alexander,2024-11-22
685,Marcus Mitchell,Amandamouth,2024-07-03
686,David Boyd,South Calvinland,2023-11-16
687,April Leach,East Nathaniel,2025-03-17
688,Candice Lyons,Bishopton,2024-07-13
689,David Jackson,West Timothymouth,2023-12-23
690,Mark Garcia,New Mark,2023-09-17
691,Tiffany Taylor,South Connie,2025-04-27
692,Sharon Roberts,Brownberg,2024-08-15
693,Ashley Johnson,Port Colleen,2024-11-23
694,Erica Freeman,Sonyamouth,2023-11-10
695,Robert Wells,Sarahaven,2024-12-17
696,Tammy Mann,Robertland,2023-12-12
697,Robert Austin,Mccallview,2024-11-11
698,Andrea Montgomery,West Clintonshire,2025-03-23
699,Matthew Cantrell,Port Adam,2024-09-01
700,Douglas Velazquez,West Janiceside,2025-06-25
701,William Thomas,Stephaniemouth,2024-11-17
702,Frederick Maldonado,South Gary,2024-01-31
703,Sarah Cross,South Jenniferhaven,2024-09-02
704,Patrick Arnold,Donovanmouth,2024-09-23
705,Brent May,Lake Kathleen,2024-07-06
706,Nathaniel Hansen,Lake Stephanie,2024-05-05
707,Tonya James,Solomonmouth,2023-09-17
708,William Rice,West Emilybury,2024-05-28
709,Robert Clements,Lake Angelachester,2025-02-10
710,Tonya Bruce,Curtiston,2025-06-25
711,Xavier Garrett,Lake Justinfort,2024-10-18
712,Kimberly Blake,Lake Williamton,2023-12-12
713,Jason Welch,Jeremiahhaven,2025-03-27
714,Michael Johnson,Kylemouth,2025-05-08
715,Andrea Sherman,South Carlos,2025-05-02
716,Heather Lee,Henrytown,2025-04-17
717,William Edwards,Lake Ernest,2024-08-21
718,Tammy Johnson,Lake David,2024-09-28
719,Heather Daniels,Ashleyside,2024-01-10
720,Diana Reynolds,North Lisabury,2025-05-14
721,Jeremy Conner DVM,Moralesfurt,2024-11-20
722,Madeline Gomez,Robertsland,2024-02-27
723,Michael Hurst,Port Melanieton,2025-01-24
724,Kristin Bond,Foxstad,2023-09-11
725,Barbara Parker,North Carriemouth,2024-03-03
726,Darlene Sweeney,Alexisland,2023-11-06
727,Robert Mccarty,Paulside,2024-05-24
728,Elizabeth Perry,Lake James,2023-09-09
729,Andrea Crane,South Micheal,2024-11-12
730,Dr. Lynn Spencer,Lake Reginaside,2024-03-06
731,Robert Singh,Brownport,2024-11-15
732,Elizabeth Smith,Quinnland,2025-04-08
733,Craig Butler,New Cassandra,2024-07-12
734,Andrew Fisher,Port Andrew,2025-07-28
735,Jennifer Kennedy,North Jenniferside,2025-03-06
736,Dawn Davis,Whiteland,2023-12-16
737,David Clements,Joannatown,2025-01-09
738,Ricky Burton,Castillomouth,2024-03-26
739,James Pena,South Aaron,2023-10-07
740,Crystal Navarro,Barrerafort,2023-12-27
741,Henry Rodriguez,Choimouth,2025-06-15
742,Ashley Montoya,Christopherbury,2025-02-05
743,Sylvia Flores,North Steven,2024-09-26
744,Jesus Crawford,East John,2024-08-27
745,Mallory Griffin,North David,2025-07-21
746,Shannon Ferguson,Hallborough,2024-06-03
747,Hannah Mccoy,Lake Sean,2025-02-14
748,Thomas Green,Wagnerfort,2024-12-08
749,Gregg Ruiz,West Daniel,2025-02-13
750,Bonnie Cox,New Nicholas,2024-12-14
751,Robin Lowery,Ryanfurt,2024-02-22
752,Virginia Adams MD,Danielton,2025-04-01
753,Christopher Morales,Jamesberg,2024-11-21
754,Monica Evans,South Christopherport,2023-09-04
755,Marcus Collins,Lake Danielchester,2024-10-13
756,Kimberly Taylor,South Tylerstad,2025-05-31
757,Hannah Robinson,Lake Sarah,2024-07-01
758,John Watson II,Pattersontown,2023-09-03
759,Juan Singh,Karenview,2024-12-28
760,Rachel Harris,Port Aprilton,2024-08-05
761,Lindsey Johnson,Mosleyton,2024-02-22
762,Michelle Gilbert,Williamburgh,2025-07-27
763,Jeremy Fisher,West Ericside,2025-07-27
764,Elizabeth Warren,South Nathanburgh,2024-03-14
765,Robert Martin,Bruceburgh,2025-01-03
766,William Gallagher,Mcdonaldstad,2025-08-06
767,Jason Sawyer,West Christopher,2023-11-20
768,Tina Allen,Port Dianeton,2025-08-03
769,Ian Meadows,West Elizabeth,2025-03-22
770,Samuel Baker,Port Joseph,2025-06-12
771,Katherine Baird,Lake Justin,2023-11-21
772,Jessica Mclaughlin,Reedside,2025-07-21
773,Abigail Williams,New Bobby,2024-03-28
774,William Carter,South Rebeccastad,2024-12-26
775,Linda Haney,Lake Amyfurt,2024-11-19
776,Jennifer Smith,West Jennifer,2024-12-15
777,Christopher Lewis,South Trevor,2024-10-11
778,Richard Mcdonald,Derrickhaven,2025-02-18
779,Leslie Chavez,East Lisaside,2023-11-19
780,Michele Allen,New Richard,2024-01-21
781,Francisco Byrd,Kirkmouth,2025-05-19
782,Heidi Smith,Melanieborough,2024-12-08
783,Brooke Holmes,Baldwinberg,2024-10-18
784,Kimberly Rosales,Marioport,2024-12-10
785,Courtney Garcia,West Jonathanchester,2024-06-11
786,Andrea Hernandez,Mullinsfort,2024-04-23
787,Aaron Miller,Lake Lisaton,2025-03-04
788,Jason Aguirre,Clayville,2024-01-23
789,Stephen Bryan,North Stephanie,2023-09-11
790,Ashley Padilla,Davidberg,2024-08-30
791,Charles Farmer,New Jackiefurt,2025-02-23
792,Matthew Holmes,Claytontown,2024-01-03
793,Steven Davis,Tonifort,2024-03-24
794,Lauren Johnson,Port Tanya,2025-02-13
795,Nathan Campbell,East Robertstad,2024-03-15
796,Andrew Lewis,Patriciaborough,2024-04-27
797,Scott Blair,New Gregoryshire,2025-07-19
798,Mr. Caleb Perry,North Joseph,2024-07-24
799,Andrea Simon,West Xavierbury,2024-02-25
800,April Gentry,Grahamland,2024-07-05
801,Robert Johnson,Millermouth,2024-06-17
802,Katelyn Mills DVM,North Phillipfort,2025-01-26
803,Wendy Reese,Penashire,2024-10-26
804,Brandon Watson,South Heatherborough,2025-03-09
805,Erica Pratt,Burkeview,2024-12-19
806,Alexis Morrison,Charlesstad,2023-10-29
807,Nicole Orozco,Nelsonstad,2024-10-17
808,Jorge Chan,Michaelville,2024-01-13
809,Benjamin Zamora,North Autumnstad,2025-01-29
810,Leslie Shepherd,Whitestad,2024-07-07
811,Christina Flores,Port David,2024-04-20
812,Kenneth Hughes,Joshuachester,2024-09-09
813,Lori Snyder,Davenportport,2024-12-30
814,Nicole Tran,South William,2024-10-11
815,Suzanne Espinoza,Andreashire,2024-03-13
816,Sandra Lopez,South David,2024-01-28
817,Shane Jones,Simmonsshire,2024-01-29
818,Jason Hunter,Elizabethhaven,2024-05-29
819,Albert Yates,North David,2024-08-06
820,Lauren Robinson,Wesleyburgh,2023-11-26
821,Olivia Thornton,Michaelstad,2023-08-31
822,Amanda Lang,West Tina,2024-03-23
823,Michael Dunn,Garzaland,2024-10-23
824,Edward Johnson,Davidport,2024-07-18
825,John Smith MD,Michaelton,2025-04-07
826,Joseph Stewart,Brianmouth,2024-03-31
827,Robert Williams,Leeborough,2025-05-10
828,Jessica Rosario,Markborough,2023-11-30
829,Richard Wagner,New Brian,2023-09-26
830,Jackson Vazquez,Davisville,2024-09-03
831,Krystal Johnson,South Nancymouth,2024-11-24
832,Kendra Sullivan,Joelhaven,2025-06-19
833,Maria Williams,Cassandraview,2025-02-09
834,Kenneth Stephens,New Lori,2024-07-01
835,Laura Hudson,Shermanville,2024-03-23
836,Nancy Lawson,Diamondshire,2024-02-17
837,Steven Cooke,Lake Carol,2025-02-20
838,David Brown,Port Jamie,2023-09-29
839,Paula Garrett,West Rodney,2024-08-11
840,Karen Campbell,North Tina,2025-03-26
841,Sara Hart,Kylefort,2024-03-15
842,Richard Robles,South Brandi,2023-10-03
843,Joshua Gonzalez,Arroyoland,2024-06-28
844,Mary Gillespie,North April,2023-10-28
845,Thomas Prince,Danieltown,2025-05-04
846,Natalie Robinson,Jenniferville,2024-10-08
847,Michael Martinez,North Aaronfurt,2025-04-14
848,Jesus Byrd,Port Carlamouth,2025-05-13
849,Andrea Hodge,North Travis,2025-05-23
850,Nathan Castillo,East Tiffanymouth,2024-10-14
851,Ernest Sloan,Delgadoview,2023-10-19
852,Shannon Roberts,Lake Suzanneville,2024-01-05
853,Samantha Singleton,Beverlychester,2024-01-04
854,Sharon Jackson MD,Port Ericmouth,2023-11-27
855,Johnny Perez,Smithland,2024-03-26
856,William Richardson,New Anthony,2023-09-29
857,Matthew Taylor,New Mirandaberg,2024-03-11
858,Jennifer Obrien,Corymouth,2025-03-18
859,Mary Robinson,East Kimberlyland,2024-03-30
860,Mr. Antonio Wilson MD,South Frank,2025-04-22
861,William Davis,West Dean,2025-07-11
862,Kevin Roberts,Alexanderfurt,2024-09-10
863,Matthew Johnson,Collinsberg,2024-01-09
864,Christopher Johnson,South Paulstad,2025-04-13
865,Rachel Waller,South Alexside,2025-02-20
866,Joshua Smith,Allenchester,2024-07-25
867,Douglas Blackwell,Clarkville,2025-08-10
868,Nicolas Kemp,Johnsonside,2023-10-27
869,Cheryl Brown,Lisaville,2024-10-24
870,Lisa Washington MD,East Susan,2024-11-19
871,James Rodriguez,North Michaelberg,2025-06-26
872,Bradley Morrow,North Stephenmouth,2025-08-06
873,Leslie Gallagher,Castilloland,2024-11-22
874,Michael Henry,South Rachel,2024-10-17
875,Brenda White,Mitchellfurt,2025-03-31
876,William Sanchez,East Jason,2024-05-13
877,Lisa Smith,East Ashley,2024-08-29
878,Gary Horn,Velazquezville,2025-06-18
879,Joshua Bell,Robinhaven,2025-05-03
880,Katherine Sparks,East Thomasside,2024-04-23
881,Barbara Hinton,West Jasmine,2023-11-16
882,Marc Morris,Lake Anthonystad,2025-06-25
883,Kayla Hall,North Jenniferberg,2025-03-03
884,Marilyn Cooper,Lake Ethanbury,2025-06-05
885,Kyle Vargas,Johnbury,2023-08-31
886,Debra Allen,South Dean,2023-11-21
887,Mark Reed,East Brady,2023-11-25
888,Crystal King,Gilbertside,2023-11-07
889,Lisa Williams MD,Turnerhaven,2023-12-29
890,Andrew Parker,Jilltown,2024-02-15
891,Dawn Allen,Martinborough,2024-12-22
892,Thomas Wood,Port Jessica,2023-12-05
893,Eric Huffman,Chelseatown,2024-12-09
894,David Conley,South Ryan,2024-07-05
895,Kenneth Saunders,East Patriciaside,2023-11-03
896,David Miller,Lake Triciaborough,2023-08-29
897,Annette Perry,East Jamesberg,2024-07-29
898,Kim Jones,North Cody,2024-11-06
899,Shawn Franklin,Lake Michealborough,2025-05-22
900,Cathy Williams,Charlesview,2024-01-07
901,Brad Graham,Port Betty,2023-12-26
902,Todd Jones,West Davidborough,2024-03-16
903,Brittany Short,Dawnshire,2025-08-15
904,David Arroyo,Gregorychester,2024-01-31
905,Emily Branch,Port Brandon,2025-02-25
906,Victoria Jenkins,Crystalstad,2024-03-26
907,Christine Willis,Smithfurt,2023-10-27
908,Thomas Johnson,Hendersonmouth,2024-08-09
909,James Johnson,Lake Eugeneborough,2024-07-12
910,Christopher Miller,Lake Melodyberg,2023-12-06
911,Chad Woods,East Donaldhaven,2023-12-09
912,Cheryl Harper MD,Mcgeeside,2024-11-08
913,Arthur Smith,South Christian,2023-09-01
914,Shane Kelley,Steventon,2024-04-23
915,Linda Glover,Douglasshire,2023-11-18
916,Russell Pham,Brownmouth,2024-10-03
917,Rebekah Hall,North Sarahshire,2023-09-27
918,Douglas Poole,Harperbury,2024-04-30
919,Dorothy Jones,New Miranda,2024-12-24
920,Joel Hall,Rogersmouth,2025-08-09
921,Meghan Wright,Sherryside,2025-01-17
922,Lindsey Barker,East Tracy,2024-05-26
923,Sonya Jones,Katieton,2024-07-09
924,Anthony Henry,North Benjaminberg,2024-07-15
925,Julie Moore,Brettville,2024-04-26
926,James Andrews,North Justinland,2024-05-09
927,Phillip Vaughn,Port Andrewstad,2025-05-14
928,Jonathan Sanders,Jacobbury,2025-05-03
929,Leslie Young,East Cynthiaville,2024-12-16
930,Darren Chambers,Lake Soniashire,2025-05-03
931,Mrs. Danielle Ramos,Port Michael,2025-06-14
932,Alexandra Underwood,Ginaberg,2024-02-02
933,Timothy Jensen,East Pammouth,2023-10-21
934,Gary Martinez,North Daniel,2024-04-26
935,Xavier Sullivan,New Samanthaland,2024-04-18
936,Brandon Morris,North Mariahchester,2025-04-05
937,James Walker,New Alicia,2024-04-18
938,Jennifer Anderson,Jonathanland,2024-12-11
939,Mark Garza,East Dalton,2024-01-15
940,Annette Smith,East Rebeccabury,2024-11-21
941,Michael Thomas,West Rebeccaland,2023-10-27
942,Elizabeth Mora,East Tracy,2024-03-20
943,Michael Smith,Rebeccastad,2024-02-29
944,Brianna Rivera,Moralesview,2024-03-04
945,Andrew Pham,Alexaland,2025-07-09
946,Daniel Bean,West David,2025-07-05
947,Kathy Chapman,Lake Denise,2023-10-11
948,Sarah Garcia,Kaitlynberg,2024-01-06
949,Michael Foster,Smithmouth,2024-10-02
950,Tim Barr,North Randallland,2025-06-07
951,Beth Atkins MD,West Jodishire,2025-03-08
952,Keith Obrien,Daltonton,2025-03-09
953,Adam Hunt,Jamesshire,2023-10-07
954,April Roman,Lake Conniefurt,2024-07-13
955,Amber Madden,Port Jeremy,2024-08-04
956,Todd Higgins,Reedmouth,2023-10-26
957,Troy Adams,West Joseph,2025-05-22
958,Ann Walker,East Katrinafort,2024-02-10
959,Taylor Martin,Ramirezchester,2024-08-19
960,Katherine Cameron,South Leefort,2024-12-11
961,Charles Johnston,East Briannachester,2024-06-12
962,Jacob Mendoza,Sullivanburgh,2025-02-03
963,Kevin Chung,Bushchester,2025-03-18
964,Duane Haley,North Sheena,2024-06-11
965,David Parsons,Lake William,2023-09-24
966,Ashley Pena,Lake Tyler,2024-11-10
967,Anna Elliott,North Jill,2024-07-02
968,Maria Wilson,Bakerfurt,2024-10-08
969,Joshua Mason,East Joshua,2023-11-12
970,Margaret Erickson,Port Matthewfurt,2025-07-14
971,Martin Nolan,Port Adam,2023-11-28
972,Andrew Swanson,Santiagofurt,2024-06-10
973,Cynthia Solomon,West Scott,2025-08-04
974,Kimberly Johnson,West Valeriehaven,2023-12-14
975,Jessica Prince,Barneschester,2025-02-18
976,James Becker,North Alexhaven,2023-10-14
977,Thomas Flowers,North Thomasberg,2025-05-04
978,Donna Thompson,Boyleside,2024-12-13
979,Benjamin Santiago,East Jenniferburgh,2024-11-07
980,Kathy Howell,New Michaelside,2025-08-04
981,Joshua Fisher,West Matthewton,2023-12-14
982,Alan Reid,Christopherburgh,2024-11-01
983,Benjamin Baker IV,West Kyle,2025-03-30
984,Rebecca Miller,South Danielmouth,2024-10-30
985,Mrs. Frances Beasley,West Alexandra,2025-04-05
986,Randy Kelly,Doylemouth,2023-09-22
987,Michael Grant,North Heatherchester,2024-11-03
988,Trevor Martinez,South Maryberg,2025-04-09
989,Joseph Smith,Christensenchester,2025-03-24
990,Patrick Mendez,Stephaniebury,2025-06-01
991,Susan Myers,Hernandezside,2024-10-23
992,Ryan Newton,Stephaniefort,2025-08-27
993,Andrew Perkins,Jessicabury,2025-05-29
994,Jason Morgan,Velasquezshire,2024-11-29
995,Sarah Ortiz,Port Victoria,2024-09-16
996,Melissa Kemp,Jesseshire,2024-06-24
997,Jack Harrison,Smithstad,2025-06-21
998,John Martinez,Lake Jeffreystad,2025-08-12
999,Chris Jones,Lake Lisaport,2024-02-01
1000,Taylor Mccarty,North Daniel,2024-09-14
